Source,Packet_ID,Destination,Status,Input_time,Output_time,
7,0,1,received,1.000000,22.000000,
7,1,1,received,11.000000,34.000000,
7,2,1,received,21.000000,58.000000,
7,3,1,received,31.000000,70.000000,
3,0,1,received,1.000000,28.000000,
3,1,1,received,11.000000,40.000000,
3,2,1,received,21.000000,64.000000,
3,3,1,received,31.000000,76.000000,
5,0,1,received,1.000000,46.000000,
5,1,1,received,11.000000,52.000000,
5,2,1,received,21.000000,82.000000,
5,3,1,received,31.000000,88.000000,
