Source,Packet_ID,Destination,Status,Input_time,Output_time,
0,0,4,received,1.000000,22.000000,
1,0,4,received,1.000000,16.000000,
2,0,4,received,1.000000,52.000000,
3,0,4,received,1.000000,40.000000,
5,0,4,received,1.000000,46.000000,
6,0,4,received,1.000000,34.000000,
7,0,4,received,1.000000,28.000000,
8,0,4,received,1.000000,58.000000,
